txId1,txId2
230425980,5530458
232022460,232438397
230460314,230459870
230333930,230595899
232013274,232029206
232344069,27553029
36411953,230405052
34194980,5529846
3881097,232457116
230409257,32877982
230351738,195218118
88008478,232012569
232412408,232412405
232038018,232470342
2925426,230550393
232051089,232470704
233591710,234439913
232945017,94251207
6595740,79840192
212704383,212366182
69254632,230595355
166890641,82304496
232033533,230470022
230598493,43560505
14878322,230415750
232073372,75604335
230473487,7089694
231179595,3307463
230658679,232074274
5234549,231177927
232431877,2758467
81273879,232437171
3878856,3878886
231182296,14660781
13334987,5530452
230519287,194810163
230423321,232399276
230659456,230658142
230347386,43560505
37233982,230427468
43358239,230528714
75605182,75604052
230585122,231208959
230455950,2881274
232658952,232658962
230530291,2881273
75604616,37232637
230531551,4619363
230516010,230516478
232441583,232441589
5488136,27553759
5529367,232467632
230658273,230658517
231181128,232453404
232353601,230447764
230423018,232392936
234419729,152498092
230531146,230545782
230415003,230414561
230453429,230459154
230425284,83431059
230530225,230095969
230440353,5234549
230440535,230440534
232022496,232022773
230348238,2881273
3409584,43560505
89273,3906238
230973596,232455956
38062994,80044108
230423318,230423018
146601928,232368272
232453639,232453630
89273,51860219
230521273,230522097
230658997,230658142
1913117,232909272
231179660,231177063
206222134,192431356
230967090,230439439
230658277,230563355
230455752,232416085
232038004,232037822
230471902,230471916
232393313,230511916
200165930,39617084
230432611,230966618
89273,230512979
230530178,232070456
232436036,230674241
230330969,232918438
230335026,232698839
230918484,40297647
230459131,230559672
230447404,3877919
54492406,4855592
231995264,232468876
231994250,232910950
3907739,230438749
232687445,189305695
